ALD1,KOR,10624,53456
Lie,TOP,10630,51446
"Vô Diên 
",VNW,10623,49672
MinnyMinny,WWW,10627,49242
DORAYME,WWW,10627,47597
"____SIMB

",WWW,10626,47266
Lory,WWW,10626,46389
Julie,TOP,10630,45839
"Ung

철웅",TOP,10630,44746
루아리 Luari,TOP,10629,44108
Yamato,WWW,10627,43953
Ari,KOR,10624,43905
"

Ver C
",WWW,10626,43447
WABI,KOR,10624,43297
DEVIL,KOR,10624,43263
"

泉水",WWW,10626,42895
Hoshi,KOR,10624,42780
헬렌 Helen,TOP,10630,42705
"

",WWW,10627,42699
"Angie
",TOP,10630,42642
"V
84",WWW,10627,42619
Anubis,KOR,10624,42594
Rocky,TOP,10630,42504
Jayce,TOP,10629,42410
"23
",TOP,10630,42297
Kikimora,WWW,10627,41860
"Jennie
",WWW,10626,41722
"

",WWW,10626,41165
"Kh
nh Ly",WWW,10627,41156
LAM,KOR,10624,40418
H,TOP,10630,40273
Thanhhhhhhh,VNW,10624,40181
"


",TOP,10630,39951
" Ares 
",TOP,10629,39340
"V
Minh",TOP,10630,39261
Iesp,VNW,10623,38903
shank one,TOP,10630,38847
Ssun,TOP,10629,38432
Regista,TOP,10629,37879
"Miu
",WWW,10626,37823
Kent,KOR,10624,37605
"C

 Một
",VNW,10624,37053
JIIllrrrrr,TOP,10629,37053
종이,TOP,10630,36912
"Chick
",WWW,10627,36770
"Reedy
",TOP,10630,36639
"ThanhC
",VNW,10624,35949
March CG,KOR,10623,35356
Ares,KOR,10623,35259
"Anhcuto
",VNW,10624,35150
"찌아
",TOP,10629,35062
Maybach,WWW,10627,35007
"

A
",TOP,10630,34704
"Ditto
",KOR,10624,34235
Vermouth,KOR,10624,34151
"
Saint
",WWW,10626,34080
"AnhTu
",WWW,10627,33947
백정,KOR,10623,33463
Ruan Kimi,TOP,10630,33258
Pork Belly,WWW,10627,33222
XiaoKai,KOR,10624,32823
ABCDE,VNW,10624,32472
"J

A
 
KA",WWW,10626,32081
"

かすん

",WWW,10626,32050
"ShinSiu
",VNW,10623,32016
"Busan

",KOR,10623,31832
"T
m x


",WWW,10627,31668
리처드,TOP,10630,31320
"L
L

",WWW,10627,31257
"kh
o b
nh",WWW,10627,30981
"

khi M
",WWW,10626,30935
Kutsuru,WWW,10626,30773
테슬라,TOP,10630,30307
Fox Lowkey,WWW,10626,30286
사이다,TOP,10630,30233
Peekaboo,TOP,10629,30197
Hot dog,TOP,10630,30061
"H
Kute

",WWW,10626,30042
수박이,KOR,10623,29857
"Ti
p b

c",WWW,10626,29461
RomG,KOR,10624,29451
Chisato46,KOR,10624,29060
"


",WWW,10627,28908
대무신왕,KOR,10624,28745
chacha,TOP,10629,28636
데몬,KOR,10623,28416
"Jollibee
",WWW,10626,28267
PANYA3,VNW,10623,28183
"

tomi
",KOR,10624,28114
Ban,VNW,10623,28083
"
Namii",VNW,10624,27806
Spirit,WWW,10626,27599
Everos,VNW,10624,27459
"



R
t R
",TOP,10630,27362
Shen,WWW,10627,27217
크로롱,KOR,10624,27152
"더
 Duck
",TOP,10629,27052
무쌈,TOP,10630,27048
"

Nh
T

",VNW,10623,26799
WingZ,TOP,10630,26666
"

",WWW,10626,26621
Oakzapata,TOP,10630,26266
"브
테",TOP,10630,26234
"


ngThi
u",VNW,10623,26142
겨울 Winter,TOP,10629,25930
"Sophia
",WWW,10627,25895
Ninh An,WWW,10626,25884
Pam,VNW,10624,25806
"

mute
",WWW,10627,25769
"

Pearl
",TOP,10630,25650
Pelican,WWW,10626,25525
"

",TOP,10629,25423
EBI,WWW,10627,25419
Sotu,TOP,10629,24983
JzTeppiz,WWW,10627,24937
"SAIMING
",WWW,10626,24902
Hienlambor,VNW,10623,24702
"

ииу",WWW,10627,24633
SOM,KOR,10623,24448
"
Iris",WWW,10627,24444
DoDo,KOR,10624,23880
"CHU
",VNW,10624,23667
Black,TOP,10629,23630
"만취

털보",TOP,10630,23583
"T
n Cherry",WWW,10626,23469
何必問,WWW,10626,23336
Linh,TOP,10629,23330
"

",WWW,10627,23286
IsRy,WWW,10627,23167
"

MeoMeo

",TOP,10629,22703
meiko_G,TOP,10630,22594
Butter Bun,TOP,10630,22321
Mozart,VNW,10624,22011
"3 B
ch

",WWW,10626,21804
Emmi,WWW,10626,21523
"나까무
",TOP,10629,21481
"Beer
",WWW,10626,21252
TJ,KOR,10624,21177
Chrollo,KOR,10624,21044
"

Anna
",KOR,10623,20837
믹스 Mix,TOP,10629,20769
ONE,KOR,10623,20421
Forthesell,KOR,10624,20421
ishizuku,KOR,10623,20404
PDH888,WWW,10627,20226
Hung,VNW,10623,19970
동차,KOR,10623,19902
"M
y",WWW,10626,19704
Orthos,WWW,10627,19626
V,WWW,10626,19596
"

Kana

",WWW,10627,19546
"인터
",KOR,10623,19414
"

",TOP,10629,19387
"

리 L
nh",TOP,10630,19374
"TR

",WWW,10626,19354
Black Kong,VNW,10624,19111
Gioggio99,WWW,10627,18726
"

HinLin
",VNW,10624,18725
Haru,KOR,10624,18561
"아

",TOP,10630,18520
Ajay Dani,WWW,10626,18460
Format,WWW,10627,18439
"MaryM
M
o",WWW,10626,18423
SUZUKI,KOR,10623,18343
비연,TOP,10629,18339
MH,WWW,10627,18324
KSHunter,TOP,10630,18300
"B
B
u B
",WWW,10626,18236
Luna,WWW,10626,18107
"B
m Beerus",VNW,10623,18102
망나니 mang,TOP,10629,17940
sinfulsuru,WWW,10626,17935
"VOIDX,MaX",WWW,10626,17906
짱규님,KOR,10623,17835
"B
Xu

 Mai",WWW,10627,17802
devil,WWW,10627,17741
"Kem Tuy
t",VNW,10624,17457
Hwang Yu,KOR,10623,17456
"at
",VNW,10624,17447
YANG,TOP,10630,17273
xekojimmy,WWW,10626,17207
TYM3R,WWW,10627,17156
"小

",WWW,10627,17093
"Hino

",WWW,10627,17054
mimi,KOR,10624,16989
LucKy,VNW,10624,16905
송송다,TOP,10629,16905
Thanh y,TOP,10630,16866
Mamutto,WWW,10626,16852
백수,TOP,10629,16813
"Iphi
",WWW,10626,16764
"더
반",KOR,10623,16728
lord farqu,TOP,10629,16644
Bongbong K,KOR,10623,16560
"Baby
",VNW,10624,16546
isewon,KOR,10624,16514
옆집아재,KOR,10623,16422
"R
ng PY",KOR,10624,16387
Ryup,KOR,10624,16308
"D

",KOR,10624,16221
"AnhTho
",VNW,10624,16114
potecapu,VNW,10623,16002
Ant,WWW,10626,15985
"

Mashi
",TOP,10629,15972
Lukka,TOP,10629,15965
chip,VNW,10624,15801
"

リオスATHX",WWW,10627,15663
"노는
",KOR,10624,15624
BinzKa,WWW,10626,15490
Nam Phong,VNW,10623,15387
Deeju,WWW,10627,15282
Ryu,WWW,10627,15220
XsamJin,VNW,10623,14937
"YaYa
",TOP,10629,14835
"Ti
u Min",WWW,10627,14771
"Silver

",TOP,10629,14697
Jack3rau,VNW,10623,14105
"D
Linh",VNW,10624,14076
"kiw
",WWW,10626,14076
Linh mulet,WWW,10626,14073
"皮皮

虎",TOP,10630,14036
"

YE",KOR,10624,14007
데이 Day,TOP,10629,13886
Ghibli,TOP,10629,13807
윤윤 YY,TOP,10629,13706
Alexander,VNW,10624,13659
"드
곤",TOP,10629,13478
"BoB
",TOP,10629,13455
"D
h Cherry",WWW,10626,13360
"처음처럼
",KOR,10623,13350
pungpung,KOR,10624,13330
"An Nhi
",KOR,10624,13138
낀배_JB,KOR,10624,12972
JxSky,WWW,10626,12903
"Dior
",WWW,10626,12834
Peacemaker,KOR,10623,12826
tomatoto,KOR,10623,12650
"세이
 SEIRA",TOP,10629,12626
Lunari,TOP,10629,12626
"Hi
u

VN",WWW,10627,12621
사상,TOP,10629,12454
"

Jessy
",WWW,10627,12314
numnam,VNW,10623,12030
"R

u",VNW,10624,11961
Thranduil,VNW,10623,11858
Ryan,WWW,10626,11832
samssong,TOP,10629,11770
"Kcat
",WWW,10627,11759
"
",KOR,10624,11753
"Catt

",VNW,10623,11725
Candy,KOR,10623,11661
YUKI,TOP,10630,11659
"Mee
",KOR,10624,11557
Lord SFTL,TOP,10629,11549
"



娜娜奇WWW",WWW,10627,11549
DrH,KOR,10624,11337
"Th

",VNW,10623,11247
TitanPanda,KOR,10624,11241
"Tu

 Ki
t",VNW,10624,11047
"그
 GR",KOR,10624,10790
"H
 V
",VNW,10624,10755
"H
i
",WWW,10626,10688
작은아이,VNW,10623,10624
again,KOR,10623,10584
ntd,VNW,10623,10380
XiXi,VNW,10623,9979
"Ninnii
",VNW,10623,9862
Jiaz,TOP,10630,9827
minmin2020,TOP,10629,9798
"Jonvely
",KOR,10623,9798
Faker,TOP,10629,9798
Shanks,KOR,10624,9750
작두도사,KOR,10623,9717
RUM,VNW,10624,9671
Vi Lam,VNW,10624,9582
"C
p con",TOP,10629,9573
Stara,TOP,10630,9549
"Kanh
",VNW,10624,9412
자바리파커,KOR,10623,9306
lucete,TOP,10629,9304
잔다_Jandark,TOP,10630,9236
Imldkz,VNW,10624,9217
"T
n Con",VNW,10624,9104
"Lydadyoi
",VNW,10624,9079
"





",VNW,10624,9072
종이인형,KOR,10623,8980
"D
n C
Mau",VNW,10624,8855
"CD


",VNW,10624,8803
CR7,VNW,10624,8778
"1000
",TOP,10630,8759
"저
",TOP,10630,8695
Lanik,VNW,10623,8677
"D
ng",VNW,10624,8641
HFT_Tomi,VNW,10624,8566
Lychnobite,KOR,10624,8563
GummyBear,KOR,10623,8432
MieMie,KOR,10624,8347
"Ji b
t
",VNW,10623,8206
ROKMC,KOR,10623,8095
"_
MEE
",VNW,10623,7885
unknown,KOR,10623,7797
DK,KOR,10624,7797
G7x0w,TOP,10629,7795
"
",TOP,10630,7659
ODIN,KOR,10623,7589
"봉지야
먹자",KOR,10624,7580
Atrey,VNW,10624,7551
VVV,VNW,10624,7519
Athene,VNW,10624,7473
돼지인형,KOR,10623,7470
COCO,KOR,10624,7404
Pe,VNW,10623,7350
"
",KOR,10624,7305
"Tr
c
",VNW,10624,7279
"B
 S
a
",VNW,10624,7220
Monie,VNW,10624,7210
"Cyy
",VNW,10623,7155
Chiko,VNW,10623,7155
"

",KOR,10624,7122
나윤지빈,KOR,10623,7085
SirMshari,VNW,10623,7069
"Thanh H
",VNW,10624,7033
"
Iiane
",VNW,10624,7011
"Dra
Cula",VNW,10623,6997
"FF

",TOP,10629,6518
OSUKE,VNW,10623,6205
"Huai
",WWW,10627,5712
"Avocado
",WWW,10626,5652
Dope,VNW,10624,5580
"v
t tr
i",VNW,10623,5250
"휘야
",KOR,10624,4932
Ambasa,KOR,10623,4830
"Lindsay
",KOR,10624,4304
"B
M
o
",VNW,10624,4275
"내
막에서 일어서다",KOR,10624,3984
Augenstern,VNW,10624,3819
Bigdawg,VNW,10623,3726
Mijin,VNW,10624,3723
Momori,VNW,10624,3528
LoneKnight,VNW,10624,3443
밍밍,KOR,10624,3124
"두아
",TOP,10629,3102
"X
N D
R",WWW,10626,2985
슈퍼맨,KOR,10624,2284
"

",KOR,10623,2207
"Sunny
",KOR,10624,2077
CaliLord,VNW,10623,1961
키르히아이스,VNW,10623,1680
Rouki,VNW,10624,1630
SHINO,KOR,10623,1620
"



",VNW,10624,1518
Muse,KOR,10623,1488
Lang Lang,VNW,10623,1355
맹렬,KOR,10623,1209
won,VNW,10624,1145
"처
",TOP,10630,1103
"나
 Nanoom",TOP,10629,759
"

",KOR,10623,745
"Hu
nh Ji",VNW,10624,690
Title,KOR,10624,688
"대
노인회",KOR,10624,621
DRACULA,VNW,10623,345
맥구,KOR,10624,172
KSM,VNW,10623,150
blackorang,VNW,10623,57
