헬렌 Helen,NRG,10627,28219
Pharaoh 👑,VNM,10632,26231
Laurella 💕,NRG,10626,25975
Reedy,NRG,10627,25702
walter1123,VNM,10632,25127
Angie 💜,ACE,10625,24978
Thành chủ,VNM,10632,24903
Oakzapata,NRG,10627,24840
Rocky,ACE,10625,24702
Der Held,VNM,10632,24625
Capybara,VNM,10631,24150
Thảo Mai,ACE,10625,23529
HittiC,NRG,10627,22862
Tôm chiên1,ACE,10625,22149
Tiểu nhị,VNM,10632,21804
🐾モｽﾁｷﾝ🐾,PxT,10629,21390
Lâm Sóì 🐑,VNM,10631,21390
Xu 😈😠,VNM,10631,21313
Demonsuru,NRG,10626,21291
0kxsi,NRG,10627,20697
🦥Khỉ Mập,NRG,10626,20608
Oracle,ACE,10625,20286
Mèo Vàng,VNM,10632,20216
Jarun,NRG,10627,20075
ShiBi,VNM,10632,19952
PhongBat,VNM,10632,19939
Bao Son,ACE,10625,19810
Hamlet,ACE,10625,19155
TaboNguyen,VNM,10632,19140
23savage,ACE,10625,18408
Trust,ACE,10625,18296
Pelican,NRG,10626,18204
Orthos,NRG,10627,17178
janan,VNM,10632,16528
• Saint •,NRG,10626,16524
ZzZBenzZz,VNM,10631,16436
Amnestria⭐,NRG,10626,16335
Sóc Smile,ACE,10625,16215
Damon,ACE,10625,15892
Milo3010,VNM,10632,15813
Chisato46,ACE,10628,15729
yuno,VNM,10631,15031
버번,PxT,10630,15003
Nga6666😻,VNM,10631,14831
Makmak,NRG,10626,14823
Cá8888,VNM,10631,14628
amigo周,ACE,10625,14448
irie,NRG,10626,14282
Tumzapata,NRG,10627,14281
Evil Boop,NRG,10626,14272
*⛤MiuMiu⛤*,VNM,10632,14145
Grandpa K,NRG,10626,14109
Huyế́t Ròng,VNM,10632,14085
Eros,PxT,10629,13985
MkVacation,NRG,10627,13539
VINAMILK,VNM,10632,13420
AppleC 🍎,VNM,10632,13386
S Potato 🍠,PxT,10629,13166
Den,NRG,10626,13024
Jun,NRG,10627,12727
Sang Hyun,PxT,10629,12659
Lukka,PxT,10629,12558
Diễm quỳnh,VNM,10632,12383
KSHunter,NRG,10626,12046
Nemesis,NRG,10627,12004
pkt,VNM,10632,11892
EBI,NRG,10627,11865
全村的希望,VNM,10631,11864
Format,NRG,10627,11751
BayHermes,ACE,10625,11707
Daniel,NRG,10627,11551
스넛,PxT,10630,11523
"""",VNM,10631,11523
Ho Ya 🐱,NRG,10627,11271
Gà lắm 🪩,VNM,10631,11212
Legaleyes,ACE,10628,11186
m a a,PxT,10629,10940
Hoàng 黃,VNM,10631,10852
AmberS,VNM,10631,10833
RebornMan,NRG,10627,10764
petit,ACE,10625,10764
Stara,NRG,10626,10760
BiBi 🙂,NRG,10626,10681
Dolphin,VNM,10632,10654
allgemein,NRG,10626,10625
Mihieee,VNM,10631,10591
LadySpite⭐,NRG,10627,10537
LordBeavis,NRG,10626,10522
Mì Hảo Hảo,VNM,10631,10515
Bunny 🍼🐰,ACE,10625,10451
AyaSquirt,NRG,10626,10404
Martini,NRG,10626,10315
Kutsuru,NRG,10626,10281
S̛ởnĐầ̀uHoả,VNM,10631,10205
חנ ידלו,NRG,10627,10134
망치,ACE,10628,10119
Spicy Haze,NRG,10626,10058
Marcram98,NRG,10626,10050
Lio ちゃん,VNM,10631,9945
ヘリオスATHX,NRG,10627,9911
Queen,VNM,10632,9890
りずむ,PxT,10629,9859
sinfulsuru,NRG,10626,9832
X𐌠NDΞR,NRG,10626,9817
GO,ACE,10625,9817
Kevin,VNM,10631,9805
VeGab,NRG,10626,9796
Bé XuânMai,NRG,10627,9729
HƯờng Tỷ,VNM,10631,9709
Freyan,VNM,10631,9660
HinDai,PxT,10629,9610
あかね,PxT,10629,9506
Shrimp 🍤,PxT,10629,9453
까불면대가리터져,PxT,10629,9407
Lady Uber,NRG,10627,9405
King_킹,ACE,10625,9256
pongpong 🧸,ACE,10625,9243
たぬき,PxT,10629,9224
ThoaiVy,ACE,10625,9152
Tiêu Slow,VNM,10632,9118
VOIDӾMaX,NRG,10626,9087
⁀‿⁀GấU⁀‿⁀,VNM,10632,9032
tangggg,NRG,10627,9030
Aspinall,ACE,10625,8970
CFY429,NRG,10626,8884
Tito Joe,ACE,10625,8862
AllenMP,ACE,10625,8797
Deeeju,NRG,10627,8730
Bo,NRG,10626,8702
EarlofBane,NRG,10627,8612
w33hhaa,ACE,10625,8556
Targaryen,ACE,10628,8519
TiểuSưMụi,VNM,10632,8493
Unlucky 🐔,VNM,10631,8414
Lynnṇṇn,VNM,10632,8413
DiệpChìThu,NRG,10627,8399
にし_Nii,VNM,10631,8299
Panda99,ACE,10625,8209
VDM,NRG,10627,8197
Jj3sus6c,NRG,10626,8154
Ep1c💜🌀💜,NRG,10626,7855
KAMIL,NRG,10626,7848
MK 보미,ACE,10628,7795
708n_h,PxT,10629,7748
Đông9999🐯,VNM,10631,7740
Truclinh,ACE,10625,7728
Đậu⭐,VNM,10632,7647
chuchu,ACE,10628,7620
Maki 🕊️,PxT,10629,7584
Free,NRG,10627,7552
Riorsooooon,NRG,10626,7502
Con Cưng,VNM,10631,7492
Alevino,NRG,10626,7481
Razam,ACE,10625,7450
Thehunter,NRG,10626,7415
Nger 🟣,VNM,10631,7379
Alphabet,ACE,10625,7379
Võ Tòng 🐯,VNM,10632,7349
다이와_DAIWA,ACE,10628,7265
Bres 🐂,PxT,10629,7242
Далайламу,NRG,10626,7218
Hi,NRG,10627,7189
グレイ・フルバスタ,VNM,10631,7138
바니,ACE,10628,7136
Spartano,NRG,10627,7098
N8,NRG,10627,7038
SerYosef,NRG,10626,7027
PHƯỚngCún,VNM,10632,6994
Lilith ちゃん,VNM,10631,6831
マサ,PxT,10629,6821
Mika,NRG,10627,6799
Lord_KC,PxT,10629,6799
딸기쥬스_berry,ACE,10628,6739
ゴン,PxT,10629,6618
Sóc con,VNM,10631,6587
あげまる,PxT,10629,6579
Joker,ACE,10625,6550
HG집순이,ACE,10628,6516
Homme,NRG,10627,6485
BaBaNaber,ACE,10625,6482
BaRaN,ACE,10628,6434
ROAR,ACE,10628,6358
⭐VịjtQuay⭐,VNM,10631,6313
POOKIE,ACE,10625,6310
LEOVIP72,VNM,10631,6274
어이쿠,ACE,10628,6270
Unabashed,ACE,10628,6231
🔲 ༄hoy༄ 🔲 🚗,VNM,10632,6144
EI CHAPO,ACE,10625,6103
ВиЯи 🔥,NRG,10627,5994
Lolo,NRG,10626,5960
💋*BiBi*💋,VNM,10631,5875
7 🐓,PxT,10629,5861
AMD,ACE,10625,5849
Elean Ton,VNM,10632,5825
がっくん,PxT,10629,5786
Hemmer,VNM,10631,5781
消しごむごむ,PxT,10629,5687
Bác Gấu 36,VNM,10631,5680
Bum,PxT,10629,5589
Jessy,NRG,10627,5520
Suuu2k4,VNM,10631,5510
Mang_망나뇽최고,ACE,10625,5500
Lụa Kute,NRG,10626,5490
Thái_TL,VNM,10631,5487
ZDLND,NRG,10627,5352
_❄Nguyễn🌺,VNM,10631,5324
ShadowCat,ACE,10628,5308
領主_n2R0o,PxT,10629,5106
Kawasaki,NRG,10626,5066
Gà Nhép,VNM,10631,5053
たぬきち,PxT,10629,5040
Jane,ACE,10625,4964
💜✨Hạnh✨💜,VNM,10631,4924
토이파파,ACE,10628,4885
Ereson,ACE,10625,4856
GNgracious,ACE,10625,4830
蓮花茶🪷renka,PxT,10629,4820
Tim,ACE,10625,4761
kazmax14,PxT,10629,4695
Cleanskin,ACE,10628,4685
Kirito,VNM,10631,4640
nhannguyen,VNM,10631,4638
Mami,PxT,10629,4592
Shaggy,ACE,10625,4560
Yung Gunna,NRG,10627,4557
ALan,PxT,10629,4554
MaryMÕHõn,NRG,10626,4485
Gôn's 🥰,ACE,10625,4446
kehuybiet,VNM,10632,4412
Grace,VNM,10632,4412
Thông 💜,VNM,10631,4409
もやし,PxT,10629,4381
딸기 🍓,PxT,10629,4350
Hoàng フィ,VNM,10631,4316
Coconut 🥥,PxT,10629,4260
오어리,PxT,10630,4243
Cladanggel,ACE,10625,4238
Ansan,ACE,10625,4233
Dịchvàođon,PxT,10629,4201
Thanhle01,VNM,10631,4200
Dường hào,VNM,10631,4200
블레이드,ACE,10628,4177
Thresh,ACE,10628,4139
⭐✯Adu✯⭐,PxT,10629,4014
zander©®o§,ACE,10628,3993
Lara⁉️,PxT,10629,3966
コトラ,PxT,10629,3949
CLZL,ACE,10628,3932
🌸ㅠ🌸,VNM,10631,3932
ataxxin,VNM,10632,3886
Pooka고양이,ACE,10625,3787
ERUPTOR,ACE,10625,3756
Ale,NRG,10626,3754
OF THE SEA,PxT,10629,3619
BeecaSsena,ACE,10625,3616
아무거나,ACE,10628,3614
ari,ACE,10628,3530
key,PxT,10629,3518
han,ACE,10625,3441
Su Kem,PxT,10629,3438
cườ̀ng91,VNM,10631,3398
Bé Cưng,VNM,10631,3394
HỨa Phướng,VNM,10631,3360
Alaric,NRG,10627,3355
white,PxT,10629,3270
Bảo Nhi,PxT,10629,3240
오리엔탈,VNM,10631,3237
Linh♥️,VNM,10632,3179
Aetos,VNM,10632,3173
Frostrepz,NRG,10627,3097
gao vàng,PxT,10629,3060
ZutRyuu,VNM,10631,2994
なお,PxT,10629,2960
TƯờngVyAnn,VNM,10632,2893
CảnhNguyễn,VNM,10632,2888
ADIN 다른빛,ACE,10625,2829
Prime,ACE,10625,2824
NethrRealm,ACE,10625,2777
Yexxy,ACE,10625,2756
Nina,ACE,10625,2750
Mashi01⭐,PxT,10629,2656
なー,PxT,10629,2618
辛みそ,PxT,10629,2583
Thanh y,ACE,10625,2549
KHAN,VNM,10631,2499
Lucky 👍,ACE,10625,2415
💜Kana💜,NRG,10627,2414
BearBoda,NRG,10627,2413
thlinhxinh,VNM,10631,2378
Candy 🍬,PxT,10629,2354
ranmaru,PxT,10629,2350
xekojimmy,NRG,10626,2345
ユーリー,PxT,10629,2338
Nico Nee,NRG,10626,2139
🍀thảo,PxT,10629,2059
Tôm 🍤,VNM,10632,2037
PerCival,NRG,10626,2026
Tùng6789🐯,VNM,10631,2025
Kenpachi,ACE,10625,2013
7seas,VNM,10631,2007
Tessa,NRG,10627,1966
Scorpio,PxT,10629,1937
ちゅん,PxT,10629,1809
PEGASUS,PxT,10629,1752
하라쥬쿠_juku,ACE,10625,1689
GGG,PxT,10629,1680
Rhynel,ACE,10628,1619
돌하루방,PxT,10629,1605
airky,NRG,10626,1500
Mollymauk,ACE,10625,1471
Kha ga,PxT,10629,1438
LISA,NRG,10626,1373
꼬북이,ACE,10628,1359
Topmo,VNM,10631,1344
Elryus,NRG,10626,1330
Antidote,ACE,10628,1306
Cobain,ACE,10625,1300
Triplelift,VNM,10631,1275
ネギヤ,PxT,10629,1260
LORD WJ,ACE,10625,1250
Maka,PxT,10629,1241
Flames,ACE,10628,1203
AkitohhoS,PxT,10629,1050
Lão Đại,PxT,10629,1020
BéCheen,VNM,10631,1017
Grace,PxT,10630,981
迅龍,PxT,10629,975
Bé Thỏ,NRG,10626,965
KÌN,ACE,10628,900
Akitohihi,PxT,10629,900
EIJI5150,PxT,10629,861
Aura2991,PxT,10629,800
ヤムヤム,PxT,10629,750
たまきち🐾⭐,PxT,10629,745
Tinacatちゃん,VNM,10631,690
lovely 짱,ACE,10625,689
현진,NRG,10627,689
チョコボールEX改,PxT,10629,689
Lord Ghost,ACE,10625,689
Truzgggg,NRG,10627,688
*❄Yuki❄*,PxT,10629,687
LMC,PxT,10629,516
Linhnhie,PxT,10629,500
리틀나카무라,PxT,10629,450
TuanNguyen,VNM,10631,450
領主_08I0L,PxT,10629,250
여수혁이,PxT,10629,171
