Reedy,NRG,10627,37156,
Capybara,VNM,10631,36570,
Angie💜,ACE,10625,36018,
Oakzapata,NRG,10627,35673,No
헬렌 Helen,NRG,10627,35556,
Rocky,ACE,10625,35190,
Pharaoh 👑,VNM,10632,34384,
HittiC,NRG,10627,34063,
Thảo Mai,ACE,10625,33396,
Thành chủ,VNM,10632,33204,
Mèo Vàng,VNM,10632,32981,
walter1123,VNM,10632,32855,
Der Held,VNM,10632,32146,
Demonsuru,NRG,10626,32017,
Okxsi,NRG,10627,31735,
Jarun,NRG,10627,31322,
Oracle,ACE,10625,30912,
PhongBat,VNM,10632,30496,
Xu 😈👿,VNM,10631,30005,
Laurella💜,NRG,10626,29356,
Hamlet,ACE,10625,29093,
Tiểu nhị,VNM,10632,28980,
23savage,ACE,10625,28608,
ShiBi,VNM,10632,28576,
Bao Son,ACE,10625,27880,
Lâm Sói 🐑,VNM,10631,27738,
Tôm chiên1,ACE,10625,27462,
Trust,ACE,10625,26962,
Pelican,NRG,10626,25885,
yuno,VNM,10631,25062,
ZzZBenZzZ,VNM,10631,24779,
Orthos,NRG,10627,24778,
🐾モスキチン🐾,PxT,10629,24633,
TaboNguyen,VNM,10632,24348,
amigo周,ACE,10625,23691,
Chisato46,ACE,10628,23580,
Sóc Smile,ACE,10625,23322,
Amnestria☆,NRG,10626,23294,
Damon,ACE,10625,22581,
버번,PxT,10630,22377,
anan,VNM,10632,22136,
Milo3010,VNM,10632,21912,
Hiếu💞VN,NRG,10627,21183,
Cá8888,VNM,10631,21148,
Eros,PxT,10629,20326,
S Potato 🍆,PxT,10629,20227,
Evil Boop,NRG,10626,20187,
AppleC 🍏,VNM,10632,19803,
Tumzapata,NRG,10627,19662,
Grandpa K,NRG,10626,19491,
Sang Hyun,PxT,10629,19488,
Huyết Rồng,VNM,10632,19411,
MkVacation,NRG,10627,19295,
❄️️MiuMiu❄️️,VNM,10632,19021,
Tito Joe,ACE,10625,18866,
Mì Hảo Hảo,VNM,10631,18343,
"""",VNM,10631,18281,
Makmak,NRG,10626,18165,
KSHunter,NRG,10626,18082,
Nga6666🐅,VNM,10631,18005,
VOIDX MaX,NRG,10626,17912,
Legaleyes,ACE,10628,17838,
全村的希望,VNM,10631,17729,
Format,NRG,10627,17716,
LadySpite☆,NRG,10627,17463,
Den,NRG,10626,17368,No
Daniel,NRG,10627,17208,
스넛,PxT,10630,17112,
Nemesis,NRG,10627,17105,
Lukka,PxT,10629,16904,
Lady Uber,NRG,10627,16573,
Bunny 🍼🐰,ACE,10625,16316,
Dolphin,VNM,10632,16240,
Gà lắm 🐦,VNM,10631,16042,
VINAMILK,VNM,10632,16042,
Kutsuru,NRG,10626,15732,
Bo,NRG,10626,15656,No
King_킹,ACE,10625,15604,
EBI,NRG,10627,15555,
petit,ACE,10625,15525,
BayHermes,ACE,10625,15502,
EarlofBane,NRG,10627,15404,
allgemein,NRG,10626,15350,
irie,NRG,10626,15328,
GO,ACE,10625,15297,
RebornMan,NRG,10627,15180,
BiBi ☺,NRG,10626,15149,
Nauuuuu,VNM,10631,15111,
חנן יזדלו,NRG,10627,14963,
Shrimp 🍤,PxT,10629,14904,
Free,NRG,10627,14895,
Stara,NRG,10626,14588,
LordBeavis,NRG,10626,14386,No
Bé XuânMai,NRG,10627,14283,
VeGab,NRG,10626,14281,
pongpong 🧸,ACE,10625,14003,
sinfulsuru,NRG,10626,13971,
pkt,VNM,10632,13787,
Lio ちゃん,VNM,10631,13775,
Freyan,VNM,10631,13731,
Hoàng 黃,VNM,10631,13663,
tanggg,NRG,10627,13511,No
KAMIL,NRG,10626,13431,
CFY429,NRG,10626,13427,No
Marcram98,NRG,10626,13350,No
AllenMP,ACE,10625,13282,
Mihieee,VNM,10631,13075,
Diễm quỳnh,VNM,10632,13036,
たぬき,PxT,10629,13036,
〰 Gấu〰,VNM,10632,12963,
HinDai,PxT,10629,12944,
Lynnnnn,VNM,10632,12860,
w33haa,ACE,10625,12834,
Baby Hazey,NRG,10626,12779,
다이와_DAIWA,ACE,10628,12598,
Targaryen,ACE,10628,12536,
Truclinh,ACE,10625,12420,
ThoaiVy,ACE,10625,12420,
Con Cưng,VNM,10631,12396,
Kevin,VNM,10631,12387,
Alevino,NRG,10626,12203,
HƯờng Tỷ,VNM,10631,12128,
Martini,NRG,10626,12040,
Maki 🕊,PxT,10629,11961,
DiệpChiThu,NRG,10627,11907,
N8,NRG,10627,11868,
Aya💜🔵,NRG,10626,11850,
Tiêu Slow,VNM,10632,11760,
Riorsooooon,NRG,10626,11700,
VDM,NRG,10627,11691,No
Ep1c💞🌀💞,NRG,10626,11612,
XΛN DΞR,NRG,10626,11436,
Lilith ちゃん,VNM,10631,11385,
Deeeju,NRG,10627,11383,
m a a,PxT,10629,11354,
Bres 🐃,PxT,10629,11346,
Thresh,ACE,10628,11315,
망치,ACE,10628,11223,
ALan,PxT,10629,10971,
JJ3sus6c,NRG,10626,10930,No
りずむ,PxT,10629,10892,
ヘリオスATHX,NRG,10627,10772,
Joker,ACE,10625,10688,
にぃ_Nii,VNM,10631,10645,
Queen,VNM,10632,10580,
Aspinall,ACE,10625,10556,
Lord_KC,PxT,10629,10524,
TiểuSưMuội,VNM,10632,10420,
Sóc con,VNM,10631,10346,
Alphabet,ACE,10625,10344,
Đông9999🐅,VNM,10631,10254,
Panda99,ACE,10625,10175,
あかね,PxT,10629,9850,
Hemmer,VNM,10631,9833,
Unlucky 🐔,VNM,10631,9759,
Mika,NRG,10627,9740,
Kit,NRG,10626,9685,No
Hi,NRG,10627,9673,
까불면대가리터져,PxT,10629,9614,
Nger ⚫,VNM,10631,9586,
Đậu☆,VNM,10632,9347,
MK 보미,ACE,10628,9312,
Thehunter,NRG,10626,9309,No
GNgracious,ACE,10625,9292,
딸기주스_berry,ACE,10628,9292,
ゴン,PxT,10629,9273,
Tim,ACE,10625,9246,
7 🐔,PxT,10629,9102,
マサ,PxT,10629,9093,
Lụa Kute,NRG,10626,9083,No
Võ Tòng 🐅,VNM,10632,9048,
グレイ・フルバスタ,VNM,10631,8930,
Razam,ACE,10625,8899,
Lolo,NRG,10626,8870,
Spartano,NRG,10627,8820,
chuchu,ACE,10628,8793,
HG집순이,ACE,10628,8688,
BaBaNaber,ACE,10625,8687,
Bum,PxT,10629,8625,
Bác Gấu 36,VNM,10631,8574,
ROAR,ACE,10628,8480,
Unabashed,ACE,10628,8401,
Phướng Cún,VNM,10632,8350,
Tôm 🍤,VNM,10632,8337,
SerYosef,NRG,10626,8290,No
Homme,NRG,10627,8275,No
708n_h,PxT,10629,8265,
어이쿠,ACE,10628,8201,
Mang_망나뇽최고,ACE,10625,8196,
Hoàng フイ,VNM,10631,8139,
Suuu2k4,VNM,10631,8095,
BaRaN,ACE,10628,8088,
Cleanskin,ACE,10628,8029,
Cladanggel,ACE,10625,7996,
El CHAPO,ACE,10625,7825,
💋*BiBi*💋,VNM,10631,7769,
Yung Gunna,NRG,10627,7722,No
Далайламу,NRG,10626,7676,No
ZDLND,NRG,10627,7662,No
Lucky 👍,ACE,10625,7659,
виця ♨️,NRG,10627,7612,
Jane,ACE,10625,7609,
☆☆VijtQuay☆☆,VNM,10631,7589,
POOKIE,ACE,10625,7584,
💜✨Hạnh ✨💜,VNM,10631,7496,
바니,ACE,10628,7481,
Gà Nhép,VNM,10631,7469,
💜Kana💜,NRG,10627,7451,
Kawasaki,NRG,10626,7420,No
がっくん,PxT,10629,7336,
토이파파,ACE,10628,7331,
kazmax14,PxT,10629,7279,
あげまる,PxT,10629,7267,
たぬきち,PxT,10629,7224,
nhannguyen,VNM,10631,7186,
LEOVIP72,VNM,10631,7169,
Cường91,VNM,10631,7123,
Thái_TL,VNM,10631,7119,
領主_n2ROo,PxT,10629,7113,
CảnhNguyễn,VNM,10632,7085,
消しゴムごむ,PxT,10629,7066,
Ereson,ACE,10625,7061,
ataxxin,VNM,10632,7054,
Elean Ton,VNM,10632,7031,
Ale,NRG,10626,7027,No
ShadowCat,ACE,10628,6895,
Ansan,ACE,10625,6852,
蓮花茶 🌿renka,PxT,10629,6730,
コトラ,PxT,10629,6581,
Kirito,VNM,10631,6470,
_❄️Nguyễn 🌼,VNM,10631,6466,
MaryMÓHỒn,NRG,10626,6417,No
오어리,PxT,10630,6312,
Jessy,NRG,10627,6279,
zanderⒸⓇog,ACE,10628,6233,
Dương hào,VNM,10631,6210,
Thông |💜,VNM,10631,6166,
Mami,PxT,10629,6141,
kehuvdiet,VNM,10632,6112,
key,PxT,10629,6104,
딸기 🍓,PxT,10629,6000,
Thanhle01,VNM,10631,5880,
AMD,ACE,10625,5849,
C_J_Green,NRG,10627,5782,
★★Adu☆☆,PxT,10629,5734,
Alaric,NRG,10627,5722,
gạo vàng,PxT,10629,5700,
もやし,PxT,10629,5689,
블레이드,ACE,10628,5664,
Gôn's 😚,ACE,10625,5427,
CLZL,ACE,10628,5414,
Kha ga,PxT,10629,5391,
han,ACE,10625,5390,
오리엔탈,VNM,10631,5375,
OF THE SEA,PxT,10629,5343,
ERUPTOR,ACE,10625,5226,
ADIN 다른빛,ACE,10625,5071,
なお,PxT,10629,5027,
Pooka고양이,ACE,10625,4992,
아무거나,ACE,10628,4991,
Shaggy,ACE,10625,4920,
BeecaSsena,ACE,10625,4821,
Dịchvàođon,PxT,10629,4777,
white,PxT,10629,4770,
Grace,VNM,10632,4739,
辛みそ,PxT,10629,4652,
Bee 🐝,NRG,10626,4650,
🌸Moyu🌸,VNM,10631,4622,
Linh❤︎,VNM,10632,4566,
Su Kem,PxT,10629,4527,
Coconut 🥥,PxT,10629,4410,
Nina,ACE,10625,4400,
Lara💎,PxT,10629,4380,
Frostrepz,NRG,10627,4336,
ari,ACE,10628,4331,
Bé Cưng,VNM,10631,4311,
Hứa Phương,VNM,10631,3960,
BearBoda,NRG,10627,3930,
thlinhxinh,VNM,10631,3861,
Yexxy,ACE,10625,3788,
Scorpio,PxT,10629,3653,
Thanh y,ACE,10625,3595,
Nico Nee,NRG,10626,3553,
Aetos,VNM,10632,3518,
LISA,NRG,10626,3431,No
なー,PxT,10629,3376,
xekojimmy,NRG,10626,3345,
TƯởngVyAnn,VNM,10632,3317,
하라쥬쿠_juku,ACE,10625,3273,
Bảo Nhi,PxT,10629,3240,
AkitohhoS,PxT,10629,3150,
Mashi01 ☆,PxT,10629,3070,
ZutRyuu,VNM,10631,2994,
GGG,PxT,10629,2989,
Candy 🍬,PxT,10629,2869,
Prime,ACE,10625,2824,
NethrRealm,ACE,10625,2777,
ユーリー,PxT,10629,2772,
たまきち🐾☆,PxT,10629,2709,
ranmaru,PxT,10629,2700,
KHAN,VNM,10631,2653,
7seas,VNM,10631,2523,
Tessa,NRG,10627,2482,
Topmo,VNM,10631,2385,
Tùng6789🐅,VNM,10631,2352,
Bé Thỏ,NRG,10626,2342,No
Kenpachi,ACE,10625,2340,
Cobain,ACE,10625,2300,
돌하루방,PxT,10629,2293,
Triplelift,VNM,10631,2206,
iiLight❤︎,PxT,10629,2144,
Tinacatちゃん,VNM,10631,2139,
ちゅん,PxT,10629,2127,
Pogg,ACE,10625,2100,
迅龍,PxT,10629,2063,
🍀thảo,PxT,10629,2059,
Rhynel,ACE,10628,2033,
PerCival,NRG,10626,2026,
ネギヤ,PxT,10629,1833,
Mollymauk,ACE,10625,1798,
꼬북이,ACE,10628,1718,
Antidote,ACE,10628,1665,
LORD WJ,ACE,10625,1650,
Truzgggg,NRG,10627,1619,
EIJI5150,PxT,10629,1551,
Flames,ACE,10628,1547,
airky,NRG,10626,1500,No
Elryus,NRG,10626,1480,No
Akitohhihi,PxT,10629,1460,
Lord Ghost,ACE,10625,1377,
Grace,PxT,10630,1308,
Maka,PxT,10629,1298,
lovely 짱,ACE,10625,1240,
チョコボール,PxT,10629,1206,
ヤムヤム,PxT,10629,1200,
Aura2991,PxT,10629,1200,
TuanNguyen,VNM,10631,1150,
KiN,ACE,10628,1050,
Lão Đại,PxT,10629,1020,
BéCheen,VNM,10631,1017,
❄️Yuki❄️,PxT,10629,744,
현진,NRG,10627,689,
LMC,PxT,10629,516,
Linhnhie,PxT,10629,500,
리틀나까무라,PxT,10629,450,
領主_O8IOL,PxT,10629,250,
여수헉이,PxT,10629,228,
